SET DEFINE OFF

INSERT INTO Categoria VALUES ('C.Ficcion');
INSERT INTO Categoria VALUES ('Accion');
INSERT INTO Categoria VALUES ('Terror');
INSERT INTO Categoria VALUES ('Suspense');
INSERT INTO Categoria VALUES ('Drama');
INSERT INTO Categoria VALUES ('Comedia');
INSERT INTO Categoria VALUES ('Musical');
INSERT INTO Categoria VALUES ('Lucha');
INSERT INTO Categoria VALUES ('Fantasia');

INSERT INTO Publico VALUES ('Adulto');
INSERT INTO Publico VALUES ('Familiar');
INSERT INTO Publico VALUES ('Juvenil');
INSERT INTO Publico VALUES ('Infantil');

INSERT INTO Pelicula VALUES (0,'Superman','1978','Richard Donner',143,0.0,'Superman: la pelicula','http://ia.media-imdb.com/images/M/MV5BMTI1MjA5MzM0OF5BMl5BanBnXkFtZTYwNTc0MTQ5._V1_UY268_CR',0.0,0);
INSERT INTO Pelicula VALUES (1,'Star Wars VII',2016,'Lucas',156,0.0,'El despertar de la Fuerza','http://pics.filmaffinity.com/Star_Wars_El_despertar_de_la_Fuerza-625343391-large.jpg',0.0,0);
INSERT INTO Pelicula VALUES (2, 'Star Wars IV','1977','George Lucas',121,0.0,'Una Nueva Esperanza','http://howdoesthemovieend.com/images/jmovies/img_pictures/starwarsposter.jpg',0.0,0);
INSERT INTO Pelicula VALUES (3, 'Star Wars V','1980','Irvin Kershner',124,0.0,'El Imperio Contraataca','http://4.bp.blogspot.com/_oucVEoYMkgk/TQ0R9NMs0qI/AAAAAAAABXE/1xQcmmwvfx4/s1600/starwars+5.jpg',0.0,0);
INSERT INTO Pelicula VALUES (4, 'Star Wars VI','1983','Richard Marquand',128,0.0,'El Retorno del Jedi','https://upload.wikimedia.org/wikipedia/en/b/b2/ReturnOfTheJediPoster1983.jpg',0.0,0);
INSERT INTO Pelicula VALUES (5, 'Star Wars I','1999','George Lucas',136,0.0,'La Amenaza Fantasma','http://www.fanhammer.org/wp-content/uploads/2012/01/Star-Wars-I-La-Amenaza-Fantasma-hd-alta-definicion.jpg',0.0,0);
INSERT INTO Pelicula VALUES (6, 'Star Wars II','2002','George Lucas',142,0.0,'El Ataque de los Clones','http://vignette3.wikia.nocookie.net/es.starwars/images/7/7c/Episode_two_poster.jpg/revision/latest?cb=20060405025053',0.0,0);
INSERT INTO Pelicula VALUES (7, 'Star Wars III','2005','George Lucas',139,0.0,'La Venganza de los Sith','https://images-na.ssl-images-amazon.com/images/I/512K3DWTQ0L.jpg',0.0,0);
INSERT INTO Pelicula VALUES (8,'El padrino','2004','Damian Chapa','128',0.0,'El padrino','http://ia.media-imdb.com/images/M/MV5BMTI2MjI4NTgyNF5BMl5BanBnXkFtZTcwOTM5NzQ5MQ@@._V1_UY268_CR',0.0,0);
INSERT INTO Pelicula VALUES (9,'El padrino 2','2008','Damian Chapa','136',0.0,'El padrino 2','http://ia.media-imdb.com/images/M/MV5BMjE1Njc2NDUwMF5BMl5BanBnXkFtZTcwMjI3Mzk1MQ@@._V1_UY268_CR8',0.0,0);
INSERT INTO Pelicula VALUES (10,'El padrino','1972','Francis Ford Coppola','175',0.0,'The Godfather','http://www.youfeelm.com/wp-content/uploads/afiche_elpadrino.jpg',0.0,0);
INSERT INTO Pelicula VALUES (11,'El padrino 2','1974','Francis Ford Coppola','200',0.0,'The Godfather Part II','http://www.peliculasencastellano.com/wp-content/uploads/2016/04/Ver-El-Padrino-2-1974-Online.jpg',0.0,0);
INSERT INTO Pelicula VALUES (12,'El padrino 3','1990','Francis Ford Coppola','163',0.0,'The Godfather Part III','http://pics.filmaffinity.com/El_Padrino_Parte_III-171971720-large.jpg',0.0,0);
INSERT INTO Pelicula VALUES (13,'Ang Padrino','1984','Fernando Poe','110',0.0,'Ang Padrino','http://ia.media-imdb.com/images/M/MV5BYzczODA0ZTctZTUyZS00NDE0LThhZjItZTZmMzU2NGQwYzNhXkEyXkFqcGdeQXVyNTYyNzQ2MjY@._V1_UY268_CR9',0.0,0);
INSERT INTO Pelicula VALUES (14,'The Clone Wars','2008','Dave Filoni','98',0.0,'La guerra de los clones','http://pre00.deviantart.net/e140/th/pre/i/2015/136/1/4/star_wars__the_clone_wars___live_action_film_by_heresjoeking-d8tncdz.jpg',0.0,0);
INSERT INTO Pelicula VALUES (15,'Harry Potter I','2001','Chris Columbus','152',0.0,'Harry Potter y la piedra filosofal','http://ia.media-imdb.com/images/M/MV5BMTYwNTM5NDkzNV5BMl5BanBnXkFtZTYwODQ4MzY5._V1_UY268_CR',0.0,0);
INSERT INTO Pelicula VALUES (16,'Harry Potter IV','2005','Mike Newell','157',0.0,'Harry Potter y el caliz de fuego','http://ia.media-imdb.com/images/M/MV5BMTI1NDMyMjExOF5BMl5BanBnXkFtZTcwOTc4MjQzMQ@@._V1_UX182_CR',0.0,0);
INSERT INTO Pelicula VALUES (17,'Harry Potter VI','2009','David Yates','153',0.0,'Harry Potter y el misterio del principe','http://ia.media-imdb.com/images/M/MV5BNzU3NDg4NTAyNV5BMl5BanBnXkFtZTcwOTg2ODg1Mg@@._V1_UX182_CR',0.0,0);
INSERT INTO Pelicula VALUES (18,'Harry Potter II','2002','Chris Columbus','161',0.0,'Harry Potter y la camara secreta','http://ia.media-imdb.com/images/M/MV5BMTcxODgwMDkxNV5BMl5BanBnXkFtZTYwMDk2MDg3._V1_UX182_CR',0.0,0);
INSERT INTO Pelicula VALUES (19,'Harry Potter III','2004','Alfonso Cuaron','142',0.0,'Harry Potter y el prisionero de Azkaban','http://ia.media-imdb.com/images/M/MV5BMTY4NTIwODg0N15BMl5BanBnXkFtZTcwOTc0MjEzMw@@._V1_UX182_CR',0.0,0);
INSERT INTO Pelicula VALUES (20,'Harry Potter V','2007','David Yates','138',0.0,'Harry Potter y la orden del fenix','http://2.bp.blogspot.com/-JBqYw02IJ0k/Ui5PxT0wiUI/AAAAAAABFdw/lVYdTci5YJo/s1600/Harry+Potter+5+la+Orden+del+F%C3%A9nix.jpg',0.0,0);
INSERT INTO Pelicula VALUES (21,'El sr. Anillos I','2001','Peter Jackson','178',0.0,'La comunidad del anillo','http://www.reypelis.com/wp-content/uploads/2014/12/el-se%C3%B1or-de-los-anillos-1.jpg',0.0,0);
INSERT INTO Pelicula VALUES (22,'El sr. Anillos II','2007','Peter Jackson','179',0.0,'Las dos torres','http://vignette1.wikia.nocookie.net/doblaje/images/b/b4/ESDL3.jpg/revision/latest?cb=20090911042702&path-prefix=es',0.0,0);
INSERT INTO Pelicula VALUES (23,'El sr. Anillos III','2007','Peter Jackson','200',0.0,'El retorno del rey','http://www.elmulticine.com/imagenes/carteles/Retorno-del-Rey-b.jpg',0.0,0);
INSERT INTO Pelicula VALUES (24,'Deadpool','2016','Tim Miller','200',0.0,'Superheroe de MARVEL','http://snackpelis.site40.net/ImagenesPeliculas/deadpool_ver10.jpg',0.0,0);
INSERT INTO Pelicula VALUES (25,'Torrente I','1998','Santiago Segura','97',0.0,'El brazo tonto de la ley','http://ecx.images-amazon.com/images/I/71-NlxgRwJL._SY445_.jpg',0.0,0);
INSERT INTO Pelicula VALUES (26,'Torrente II','2001','Santiago Segura','200',0.0,'Mision en Marbella','http://pics.filmaffinity.com/Torrente_2_Misi_n_en_Marbella-430702066-large.jpg',0.0,0);
INSERT INTO Pelicula VALUES (27,'Torrente III','2016','Santiago Segura','200',0.0,'El protector','http://pics.filmaffinity.com/Torrente_3_El_protector-816745588-large.jpg',0.0,0);
INSERT INTO Pelicula VALUES (28,'Grease','1978','Randal Kleiser','110',0.0,'Grease','http://2.bp.blogspot.com/-RwM6zha-OoU/VrCy-QmmubI/AAAAAAAACC4/YkyojGTzyp0/s1600/FOX_FoxNowPromos_v2_1080x1128.png',0.0,0);
INSERT INTO Pelicula VALUES (29,'Mary Poppins','1964','Robert Stevenson','140',0.0,'Mary Poppins de disney','https://www.mayflower.org.uk/Portals/1/Shows/2016/show-poppins.jpg',0.0,0);
INSERT INTO Pelicula VALUES (30,'El exorcista','1973','William Friedkin','122',0.0,'Basada en la novel El exorcista','http://gnula.nu/wp-content/uploads/2015/02/The_Exorcist_poster_usa.jpg',0.0,0);
INSERT INTO Pelicula VALUES (31,'El resplandor','1980','Stanley Kubirck','115',0.0,'The shinning','http://frasesdelapelicula.com/wp-content/uploads/2013/04/El-resplandor.jpg',0.0,0);
INSERT INTO Pelicula VALUES (32,'REC','2007','Jaume Balaguero','185',0.0,'Pelicula de terror española','http://pics.filmaffinity.com/a_REC-273731015-large.jpg',0.0,0);
INSERT INTO Pelicula VALUES (33,'Rocky I','1977','John G. Advilsen','122',0.0,'La primera de una saga','http://www.oconowocc.com/wp-content/uploads/2010/07/1.jpg',0.0,0);
INSERT INTO Pelicula VALUES (34,'Rocky II','1979','Sylvester Stallone','120',0.0,'Rocky II','http://peliculas69.com/files/uploads/734.jpg',0.0,0);
INSERT INTO Pelicula VALUES (35,'Rocky III','1982','Sylvester Stallone','100',0.0,'Rocky III','http://peliculashdlatino.org/poze/Rocky-3-1982.jpg',0.0,0);
INSERT INTO Pelicula VALUES (36,'Karate Kid','2010','Harald Zwart','133',0.0,'Adaptacion de Karate Kid','https://upload.wikimedia.org/wikipedia/en/d/d5/Karate_kid_ver2.jpg',0.0,0);
INSERT INTO Pelicula VALUES (37,'The Karate Kid','1984','John G. Advilsen','127',0.0,'Karate Kid','http://thegalileo.co.za/wp-content/uploads/2015/09/a1r6Azn2WfeXAx9p2TKXOpOaGlx-500x750.jpg',0.0,0);
INSERT INTO Pelicula VALUES (38,'El sexto sentido','1999','M. Night Shyamalan','107',0.0,'The sixth sense','http://pics.filmaffinity.com/El_sexto_sentido-516003703-large.jpg',0.0,0);
INSERT INTO Pelicula VALUES (39,'Origen','2010','Christopher Nolan','148',0.0,'Inception','http://www.labutaca.net/peliculas/wp-content/uploads/2009/12/origen-incepcion-cartel.jpg',0.0,0);
INSERT INTO Pelicula VALUES (40,'Instinto basico','1992','Paul Verhoeven','127',0.0,'Basic Instinct','http://www.mubis.es/media/covers/2308/5056/instinto-basico-portada-l_cover.jpg',0.0,0);
INSERT INTO Pelicula VALUES (41,'Thor','2011','Kenneth Branagh','114',0.0,'Superheroe de MARVEL','http://marveltoynews.com/wp-content/uploads/2013/10/Thor-2-Hot-Toys-Thor-Light-Armor-Sixth-Scale-Figure-e1383146240297.jpg',0.0,0);
INSERT INTO Pelicula VALUES (42,'Spider-Man','2002','Sam Raimi','121',0.0,'El hombre arania','http://dmtinc.cl/imagenes/IUe4.jpg',0.0,0);
INSERT INTO Pelicula VALUES (43,'Cenicienta','2015','Kenneth Branagh','105',0.0,'Cinderella','http://www.peelink2.org/wp-content/uploads/2015/04/Ver-vemicienta-2015.jpg',0.0,0);
INSERT INTO Pelicula VALUES (44,'Lo imposible','2012','Juan Bayona','114',0.0,'Tsunami indico 2004','http://www.eleconomista.es/boxoffice/wp-content/uploads/lo_imposible-poster2.jpeg',0.0,0);
INSERT INTO Pelicula VALUES (45,'Forrest Gump','1994','Robert Zemeckis','142',0.0,'Basada en la novela Forrest Gump','http://www.mubis.es/media/covers/1696/2649/forrest-gump-portada-original.jpg',0.0,0);
INSERT INTO Pelicula VALUES (46,'War horse','2011','Steven Spielberg','146',0.0,'Caballo de batalla','https://upload.wikimedia.org/wikipedia/en/d/da/War-horse-poster.jpg',0.0,0);

INSERT INTO Es VALUES (0,'C.Ficcion');
INSERT INTO Es VALUES (0,'Accion');
INSERT INTO Es VALUES (0,'Fantasia');
INSERT INTO Dirigida VALUES (0,'Familiar');

INSERT INTO Es VALUES (1,'C.Ficcion');
INSERT INTO Es VALUES (1,'Accion');
INSERT INTO Dirigida VALUES (1,'Familiar');

INSERT INTO Es VALUES (2,'C.Ficcion');
INSERT INTO Es VALUES (2,'Accion');
INSERT INTO Dirigida VALUES (2,'Familiar');

INSERT INTO Es VALUES (3,'C.Ficcion');
INSERT INTO Es VALUES (3,'Accion');
INSERT INTO Dirigida VALUES (3,'Familiar');

INSERT INTO Es VALUES (4,'C.Ficcion');
INSERT INTO Es VALUES (4,'Accion');
INSERT INTO Dirigida VALUES (4,'Familiar');

INSERT INTO Es VALUES (5,'C.Ficcion');
INSERT INTO Es VALUES (5,'Accion');
INSERT INTO Dirigida VALUES (5,'Familiar');

INSERT INTO Es VALUES (6,'C.Ficcion');
INSERT INTO Es VALUES (6,'Accion');
INSERT INTO Dirigida VALUES (6,'Familiar');

INSERT INTO Es VALUES (7,'C.Ficcion');
INSERT INTO Es VALUES (7,'Accion');
INSERT INTO Dirigida VALUES (7,'Familiar');

INSERT INTO Es VALUES (10,'Drama');
INSERT INTO Dirigida VALUES (10,'Adulto');

INSERT INTO Es VALUES (11,'Drama');
INSERT INTO Dirigida VALUES (11,'Adulto');

INSERT INTO Es VALUES (12,'Drama');
INSERT INTO Dirigida VALUES (12,'Adulto');

INSERT INTO Es VALUES (13,'Accion');
INSERT INTO Dirigida VALUES (13,'Adulto');

INSERT INTO Es VALUES (14,'C.Ficcion');
INSERT INTO Dirigida VALUES (14,'Infantil');

INSERT INTO Es VALUES (15,'Fantasia');
INSERT INTO Dirigida VALUES (15,'Juvenil');

INSERT INTO Es VALUES (16,'Fantasia');
INSERT INTO Dirigida VALUES (16,'Juvenil');

INSERT INTO Es VALUES (17,'Fantasia');
INSERT INTO Dirigida VALUES (17,'Juvenil');

INSERT INTO Es VALUES (18,'Fantasia');
INSERT INTO Dirigida VALUES (18,'Juvenil');

INSERT INTO Es VALUES (19,'Fantasia');
INSERT INTO Dirigida VALUES (19,'Juvenil');

INSERT INTO Es VALUES (20,'Fantasia');
INSERT INTO Dirigida VALUES (20,'Juvenil');

INSERT INTO Es VALUES (21,'Fantasia');
INSERT INTO Dirigida VALUES (21,'Familiar');

INSERT INTO Es VALUES (22,'Fantasia');
INSERT INTO Dirigida VALUES (22,'Familiar');

INSERT INTO Es VALUES (23,'Fantasia');
INSERT INTO Dirigida VALUES (23,'Familiar');

INSERT INTO Es VALUES (24,'Comedia');
INSERT INTO Es VALUES (24,'C.Ficcion');
INSERT INTO Dirigida VALUES (24,'Adulto');

INSERT INTO Es VALUES (25,'Comedia');
INSERT INTO Dirigida VALUES (25,'Adulto');

INSERT INTO Es VALUES (26,'Comedia');
INSERT INTO Dirigida VALUES (26,'Adulto');

INSERT INTO Es VALUES (27,'Comedia');
INSERT INTO Dirigida VALUES (27,'Adulto');

INSERT INTO Es VALUES (28,'Musical');
INSERT INTO Dirigida VALUES (28,'Familiar');

INSERT INTO Es VALUES (29,'Musical');
INSERT INTO Dirigida VALUES (29,'Infantil');

INSERT INTO Es VALUES (30,'Terror');
INSERT INTO Dirigida VALUES (30,'Adulto');

INSERT INTO Es VALUES (31,'Terror');
INSERT INTO Dirigida VALUES (31,'Adulto');

INSERT INTO Es VALUES (32,'Terror');
INSERT INTO Dirigida VALUES (32,'Adulto');

INSERT INTO Es VALUES (33,'Lucha');
INSERT INTO Dirigida VALUES (33,'Familiar');

INSERT INTO Es VALUES (34,'Lucha');
INSERT INTO Dirigida VALUES (34,'Familiar');

INSERT INTO Es VALUES (35,'Lucha');
INSERT INTO Dirigida VALUES (35,'Familiar');

INSERT INTO Es VALUES (36,'Lucha');
INSERT INTO Dirigida VALUES (36,'Familiar');

INSERT INTO Es VALUES (37,'Lucha');
INSERT INTO Dirigida VALUES (37,'Familiar');

INSERT INTO Es VALUES (38,'Suspense');
INSERT INTO Dirigida VALUES (38,'Adulto');

INSERT INTO Es VALUES (39,'Suspense');
INSERT INTO Es VALUES (39,'Drama');
INSERT INTO Dirigida VALUES (39,'Familiar');

INSERT INTO Es VALUES (40,'Suspense');
INSERT INTO Dirigida VALUES (40,'Adulto');

INSERT INTO Es VALUES (41,'Fantasia');
INSERT INTO Dirigida VALUES (41,'Familiar');

INSERT INTO Es VALUES (42,'Fantasia');
INSERT INTO Dirigida VALUES (42,'Familiar');

INSERT INTO Es VALUES (43,'Fantasia');
INSERT INTO Dirigida VALUES (43,'Infantil');

INSERT INTO Es VALUES (44,'Drama');
INSERT INTO Dirigida VALUES (44,'Familiar');

INSERT INTO Es VALUES (45,'Drama');
INSERT INTO Es VALUES (45,'Comedia');
INSERT INTO Dirigida VALUES (45,'Familiar');

INSERT INTO Es VALUES (46,'Drama');
INSERT INTO Dirigida VALUES (46,'Familiar');